{
    "AAPL_sma_returns": [
        215.99139999999994,
        278.26771450657037
    ],
    "AAPL_mr_returns": [
        513.1264,
        661.0749806750837
    ],
    "AAPL_bol_returns": [
        -196.37380000000184,
        -252.99381602679958
    ],
    "WFC_sma_returns": [
        -70.55999999999995,
        -150.51194539249136
    ],
    "WFC_mr_returns": [
        43.180000000000014,
        92.10750853242324
    ],
    "WFC_bol_returns": [
        -7.634999999999884,
        -16.286262798634567
    ],
    "TSLA_sma_returns": [
        389.6052999999993,
        1630.8300544160709
    ],
    "TSLA_mr_returns": [
        510.3754,
        2136.3557974047717
    ],
    "TSLA_bol_returns": [
        -260.20209999999975,
        -1089.1674340728327
    ],
    "ADBE_sma_returns": [
        -112.49110000000013,
        -164.0768669778298
    ],
    "ADBE_mr_returns": [
        378.39000000000004,
        551.9107351225205
    ],
    "ADBE_bol_returns": [
        -157.42890000000068,
        -229.62208284714217
    ],
    "AMZN_sma_returns": [
        -1111.8365999999978,
        -1608.3272096050887
    ],
    "AMZN_mr_returns": [
        1612.7299999999987,
        2332.89454650658
    ],
    "AMZN_bol_returns": [
        128.511900000001,
        185.89888615651816
    ],
    "BAC_sma_returns": [
        -75.13750000000014,
        -115.82780946508421
    ],
    "BAC_mr_returns": [
        -10.422500000000007,
        -16.066748882380153
    ],
    "BAC_bol_returns": [
        -4.459500000000098,
        -6.874518267303989
    ],
    "COKE_sma_returns": [
        48.93020000000013,
        94.0965384615387
    ],
    "COKE_mr_returns": [
        201.18999999999988,
        386.9038461538459
    ],
    "COKE_bol_returns": [
        502.7296000000006,
        966.7876923076934
    ],
    "GOOG_sma_returns": [
        138.35990000000106,
        24.775256956630923
    ],
    "GOOG_mr_returns": [
        1793.3600000000004,
        321.12595351502347
    ],
    "GOOG_bol_returns": [
        190.46610000000229,
        34.10559395480469
    ],
    "INTC_sma_returns": [
        -84.59219999999998,
        -111.30552631578945
    ],
    "INTC_mr_returns": [
        -1.711799999999993,
        -2.2523684210526222
    ],
    "INTC_bol_returns": [
        37.012800000000055,
        48.701052631579024
    ],
    "NVDA_sma_returns": [
        541.5899999999999,
        2304.63829787234
    ],
    "NVDA_mr_returns": [
        -243.09100000000007,
        -1034.4297872340428
    ],
    "NVDA_bol_returns": [
        -497.4065000000007,
        -2116.623404255322
    ]
}